timestamp,crypto_name,tweet_created_at,text,sentiment,like_count,retweet_count,id,price,market_cap,volume,24h_change
2025-11-07 20:35:14.461187,dogecoin,7s,It's their chance to prove that this so-called Scrypt family exists. This joke coin has no narrative of its own. Privacy + max supply is a true foundation.,positive,,,dogecoin,0.179907,27312880446.0,2711033886.0,11.88394
2025-11-07 20:35:14.461187,dogecoin,8s,@dogecoin to the moon,neutral,,,dogecoin,0.179907,27312880446.0,2711033886.0,11.88394
2025-11-07 20:35:14.461187,dogecoin,35s,"Bull shit most of crypto are up , much even more than dogecoin, sow no nothing to do with etf news !! Hopefully, that has to come when it is in the picture..",positive,,,dogecoin,0.179907,27312880446.0,2711033886.0,11.88394
2025-11-07 20:35:14.461187,dogecoin,1m,@dogecoin to the moon,neutral,,,dogecoin,0.179907,27312880446.0,2711033886.0,11.88394
2025-11-07 20:35:14.461187,dogecoin,1m,Higher,positive,,,dogecoin,0.179907,27312880446.0,2711033886.0,11.88394
2025-11-07 20:35:14.461187,dogecoin,19m,@anoncoinit is soon to be the main launchpad for @dogecoin / @DogeOS upon its release We seeing $dogecoin run on the platform to 800k and $doge remain unbonded? This is a no brainer bid to me 3jLNswoRAe7AsY1B6nVH3bKnbUmSC12a6ffrRhUHeDUB,positive,2.0,3.0,dogecoin,0.179907,27312880446.0,2711033886.0,11.88394
2025-11-07 20:35:14.461187,dogecoin,1m,"Google will bring Polymarket and Kalshi odds directly into Search and Finance. Zcash back into crypto's top 20 after a rally pushed ZEC market cap over $11B. Bitwise confirms its spot Dogecoin ETF may launch within 20 days. @JennSanasie hosts ""CoinDesk Daily."" Thank you @GeniusGroupLtd_ for being a sponsor of the CoinDesk Media Network.",positive,,,dogecoin,0.179907,27312880446.0,2711033886.0,11.88394
2025-11-07 20:35:14.461187,dogecoin,2h,JUST IN: BITWISE FILES FOR SPOT DOGECOIN ETF Bitwise has submitted an 8(a) form for a Spot Dogecoin ETF.,neutral,58.0,103.0,dogecoin,0.179907,27312880446.0,2711033886.0,11.88394
2025-11-07 20:35:14.461187,dogecoin,5h,Be the person your Doge thinks you are.,neutral,128.0,107.0,dogecoin,0.179907,27312880446.0,2711033886.0,11.88394
2025-11-07 20:35:14.461187,dogecoin,11m,The weekly 200 ema has been absolutely crucial support for #Dogecoin five times this bull cycle while we have continued to make macro higher highs and higher lows. So far we're seeing a very nice bounce back up into our rising channel from a sixth tap of the weekly 200 ema this cycle. Goal is to hold both of these key levels while 3D-1W time frames continue resetting. Also need BTC to hold up of course. #Altcoins #DOGE #Crypto,positive,2.0,3.0,dogecoin,0.179907,27312880446.0,2711033886.0,11.88394
2025-11-07 20:35:40.292621,tether,3m,"No tether will ever get into public office ever again because of their hate and bull against #FBA. MF's we ain't playing, this delineation is real. Keep thinking it's a game",negative,,,dogecoin,0.179907,27312880446.0,2711033886.0,11.88394
2025-11-07 20:35:40.292621,tether,15h,"TETHER JUST BOUGHT $97,000,000 WORTH OF #BITCOIN YOU ARE SCARED, WHALES ARE BUYING",positive,112.0,264.0,dogecoin,0.179907,27312880446.0,2711033886.0,11.88394
2025-11-07 20:35:40.292621,tether,1m,my only earthly tether LMAO,positive,,,dogecoin,0.179907,27312880446.0,2711033886.0,11.88394
2025-11-07 20:35:40.292621,tether,Nov 6,Byron Donalds is a Jamaican Tether & we see how much Jamaicans HATE Black Americans.,negative,46.0,121.0,dogecoin,0.179907,27312880446.0,2711033886.0,11.88394
2025-11-07 20:35:40.292621,tether,2m,$btc catching a tether lifeline,positive,,,dogecoin,0.179907,27312880446.0,2711033886.0,11.88394
2025-11-07 20:35:40.292621,tether,6h,"BREAKING TETHER JUST BOUGHT 9,850 $BTC WORTH AROUND $1 BILLION. BIG PLAYERS ARE BUYING THE DIP!",positive,49.0,59.0,dogecoin,0.179907,27312880446.0,2711033886.0,11.88394
2025-11-07 20:35:40.292621,tether,3h,"As you progress in life, it takes courage to follow your path of alignment and meaningful growth. As we accumulate creature comforts, they equally tether us to the desire to forgo charging valiantly into the unknown, choosing instead to remain in a reality that satiates the soul just enough to lull it into conformity - enabling the mind to rationalise and form reasons why staying is a great idea. But the spirit feels the dissonance, it senses the subtle unrest and seeks to feed the internal tension - one that is textured like a void. Growth is uncomfortable. It demands leaps that can shatter the scaffolding and infrastructure you've spent most of your life building. It demands courage - to feel your heart thrash downward on a great trampoline and trust that you will land on your feet after being propelled into the air. In this way, the courage to face the unknown with no nets other than the ones you've grown and earned within yourself is true spiritual strength. Ascension towards higher consciousness and truth shifts you in a direction that no longer worships all that is tangible. It walks hand in hand with being misunderstood. In becoming more aligned with your soul and the deeper truths of the world, you paradoxically become more detached from the world in its current incarnation. Compassionate detachment at its finest.",positive,11.0,16.0,dogecoin,0.179907,27312880446.0,2711033886.0,11.88394
2025-11-07 20:35:40.292621,tether,44s,Oh my god the junlian-Wiseone tether hurt SOOO BADDD,neutral,,,dogecoin,0.179907,27312880446.0,2711033886.0,11.88394
2025-11-07 20:35:40.292621,tether,3h,"TETHER STACKS $8.9 BILLION IN BITCOIN! The stablecoin giant now holds 87,296 $BTC based on Arkham solidifying its spot among the largest corporate #Bitcoin holders.",neutral,85.0,66.0,dogecoin,0.179907,27312880446.0,2711033886.0,11.88394
2025-11-07 20:35:40.292621,tether,1h,BREAKING: TETHER JUST BOUGHT $97 MILLION WORTH OF $BTC. CLASSIC DIP CONFIRMATION,positive,26.0,28.0,dogecoin,0.179907,27312880446.0,2711033886.0,11.88394
