timestamp,crypto_name,tweet_created_at,text,sentiment,like_count,retweet_count
2025-11-07T20:35:14.461187,dogecoin,7s,It's their chance to prove that this so-called Scrypt family exists. This joke coin has no narrative of its own. Privacy + max supply is a true foundation.,positive,,
2025-11-07T20:35:14.461187,dogecoin,8s,@dogecoin to the moon,neutral,,
2025-11-07T20:35:14.461187,dogecoin,35s,"Bull shit most of crypto are up , much even more than dogecoin, sow no nothing to do with etf news !! Hopefully, that has to come when it is in the picture..",positive,,
2025-11-07T20:35:14.461187,dogecoin,1m,@dogecoin to the moon,neutral,,
2025-11-07T20:35:14.461187,dogecoin,1m,Higher,positive,,
2025-11-07T20:35:14.461187,dogecoin,19m,@anoncoinit is soon to be the main launchpad for @dogecoin / @DogeOS upon its release We seeing $dogecoin run on the platform to 800k and $doge remain unbonded? This is a no brainer bid to me 3jLNswoRAe7AsY1B6nVH3bKnbUmSC12a6ffrRhUHeDUB,positive,2,3
2025-11-07T20:35:14.461187,dogecoin,1m,"Google will bring Polymarket and Kalshi odds directly into Search and Finance.   Zcash back into crypto's top 20 after a rally pushed ZEC market cap over $11B.  Bitwise confirms its spot Dogecoin ETF may launch within 20 days. @JennSanasie hosts ""CoinDesk Daily."" Thank you @GeniusGroupLtd_   for being a sponsor of the CoinDesk Media Network.",positive,,
2025-11-07T20:35:14.461187,dogecoin,2h,JUST IN: BITWISE FILES FOR SPOT DOGECOIN ETF Bitwise has submitted an 8(a) form for a Spot Dogecoin ETF.,neutral,58,103
2025-11-07T20:35:14.461187,dogecoin,5h,Be the person your Doge thinks you are.,neutral,128,107
2025-11-07T20:35:14.461187,dogecoin,11m,The weekly 200 ema has been absolutely crucial support for #Dogecoin five times this bull cycle while we have continued to make macro higher highs and higher lows. So far we're seeing a very nice bounce back up into our rising channel from a sixth tap of the weekly 200 ema this cycle. Goal is to hold both of these key levels while 3D-1W time frames continue resetting. Also need BTC to hold up of course. #Altcoins #DOGE #Crypto,positive,2,3
2025-11-07T20:35:40.292621,tether,3h,"TETHER STACKS $8.9 BILLION IN BITCOIN! The stablecoin giant now holds 87,296 $BTC based on Arkham  solidifying its spot among the largest corporate #Bitcoin holders.",neutral,85,66
2025-11-07T20:35:40.292621,tether,44s,Oh my god the junlian-Wiseone tether hurt SOOO BADDD,neutral,,
2025-11-07T20:35:40.292621,tether,3h,"As you progress in life, it takes courage to follow your path of alignment and meaningful growth. As we accumulate creature comforts, they equally tether us to the desire to forgo charging valiantly into the unknown, choosing instead to remain in a reality that satiates the soul just enough to lull it into conformity - enabling the mind to rationalise and form reasons why staying is a great idea. But the spirit feels the dissonance, it senses the subtle unrest and seeks to feed the internal tension - one that is textured like a void. Growth is uncomfortable. It demands leaps that can shatter the scaffolding and infrastructure you've spent most of your life building. It demands courage - to feel your heart thrash downward on a great trampoline and trust that you will land on your feet after being propelled into the air. In this way, the courage to face the unknown with no nets other than the ones you've grown and earned within yourself is true spiritual strength. Ascension towards higher consciousness and truth shifts you in a direction that no longer worships all that is tangible. It walks hand in hand with being misunderstood. In becoming more aligned with your soul and the deeper truths of the world, you paradoxically become more detached from the world in its current incarnation. Compassionate detachment at its finest.",positive,11,16
2025-11-07T20:35:40.292621,tether,6h,"BREAKING TETHER JUST BOUGHT 9,850 $BTC WORTH AROUND $1 BILLION. BIG PLAYERS ARE BUYING THE DIP!",positive,49,59
2025-11-07T20:35:40.292621,tether,1h,BREAKING: TETHER JUST BOUGHT $97 MILLION WORTH OF $BTC. CLASSIC DIP CONFIRMATION,positive,26,28
2025-11-07T20:35:40.292621,tether,Nov 6,Byron Donalds is a Jamaican Tether & we see how much Jamaicans HATE Black Americans.,negative,46,121
2025-11-07T20:35:40.292621,tether,1m,my only earthly tether LMAO,positive,,
2025-11-07T20:35:40.292621,tether,2m,$btc catching a tether lifeline,positive,,
2025-11-07T20:35:40.292621,tether,15h,"TETHER JUST BOUGHT $97,000,000 WORTH OF #BITCOIN YOU ARE SCARED, WHALES ARE BUYING",positive,112,264
2025-11-07T20:35:40.292621,tether,3m,"No tether will ever get into public office ever again because of their hate and bull  against #FBA. MF's we ain't playing, this delineation  is real. Keep thinking it's a game",negative,,
2025-11-07T20:40:11.033519,usd-coin,Oct 31,usd-coin.eth,neutral,,
2025-11-07T20:40:11.033519,usd-coin,Sep 15,"6/ The dominance of USD-stablecoins threatens to 'dollarize' the UK's digital economy (and not only.) If the default currency for digital life is a USD-coin, the Pound becomes a relic. A historical artifact in its own country. We even have a name for such stuff happening:",neutral,1,
2025-11-07T20:40:11.033519,usd-coin,Aug 28,Big Solana whale moves in the past 24h! $DOGWIFCOIN +$103.34M (32 ) $USD-COIN -$89.26M (116 ) $WRAPPED-SOLANA -$85.15M (61 ) $JITO-GOVERNANCE-TOKEN +$65.30M (23 ) Don't miss out! .,negative,,
2025-11-07T20:40:11.033519,usd-coin,Aug 27,Big Solana whale moves in the last 23h59m13s! Don't miss out: $FARTCOIN +$104.66M (26 ) $RENDER-TOKEN +$95.61M (29 ) $WRAPPED-SOLANA -$94.26M (75 ) $USD-COIN +$83.76M (157 ).,neutral,,
2025-11-07T20:40:11.033519,usd-coin,Aug 26,"Attention Scammers are getting more sophisticated and I just saw something disgusting. My basescan transactions show that my wallet frequently transferred 1,700 ""USD-coin"" to some other wallet. It looks shocking at first sight, when you don't remember signing any of those transactions. On Base (and Ethereum-like chains), anyone can create their own token contract. Some malicious token contracts are coded so that, when they emit a Transfer event, they log your address as the sender even though you never signed anything. Block explorers like BaseScan rely heavily on those Transfer events to display token transactions. That means BaseScan might show From: your wallet To: another wallet even though no real transfer of your assets occurred. Importantly: if you check the actual transaction details (the raw transaction and gas fees), youll notice that you never paid gas and theres no transaction signed by you. Thats the giveaway - only the scam contract emitted a fake event. The goal of the scammers is to cause noise and confusion and most likely to ultimately cause people to interact with that contract. That will trigger a signing request that will allow the scammer to drain your wallet. I don't know if this method has been around for a while but I have never seen it before, although I assumed it was possible. SHARE this to spread awareness. The transaction details showed a large number of affected wallets by this pathetic attempt to drain your wallet.",neutral,1,2
2025-11-07T20:40:11.033519,usd-coin,Aug 25,Big moves in Solana whale action over 24h0m5.41050539s! $USD-COIN -$113.51M (118 sold) $GATE-WRAPPED-BTC +$50.51M (1 bought) $WRAPPED-SOLANA +$47.91M (69 bought) $BINANCE-STAKED-SOL +$26.99M (3 bought) Don't miss out!,neutral,,
2025-11-07T20:40:11.033519,usd-coin,Aug 24,Big moves in Solana whale territory over 24h! Check out these shifts: $USD-COIN +$44.57M (123 ) $TETHER +$19.73M (48 ) $JITO-STAKED-SOL -$13.08M (27 ) $OKX-WRAPPED-BTC +$10.48M (1 ) Don't miss out!,neutral,,
2025-11-07T20:40:11.033519,usd-coin,Aug 23,Big moves in Solana whales over the last 23h59m! Dive into the action: $USD-Coin -$205.23M (95 ) $Wrapped-Solana -$78.74M (85 ) $Binance-Staked-SOL +$26.20M (3 ) $Tether -$17.34M (30 ) Don't miss out!,neutral,,
2025-11-07T20:40:11.033519,usd-coin,Aug 22,Big Solana whale moves in the last 24h! Check out the action: $WRAPPED-SOLANA +$81.25M (54 ) $USD-COIN -$60.05M (78 ) $TETHER -$11.79M (43 ) $JUPITER-STAKED-SOL -$9.36M (8 ). Don't miss out!,positive,,
2025-11-07T20:40:11.033519,usd-coin,Aug 21,Big moves among Solana whales in the last 23h59m44.529596763s! $OFFICIAL-TRUMP +$6.68B (37 ) $USD-COIN +$330.67M (178 ) $WRAPPED-SOLANA +$56.09M (71 ) $JUPITER-PERPS-LP +$39.93M (14 ) Don't miss out!,neutral,,
2025-11-07T20:40:31.889471,solana,4h,"x402 Explained - And Why It Matters for Solana? Everyones talking about x402 - but what exactly is it, and why does it matter for onchain payments? x402 is an open payment protocol developed by Coinbase, using the HTTP code 402: Payment Required. It lets apps, AI agents, or websites request and send $USDC payments directly onchain - no credit cards, no Web2 intermediaries. Think of it as the missing piece for machine-to-machine payments: AI agents paying each other for data or services Websites charging onchain for API usage Micropayments per action, not per subscription Thats why x402 is trending - its programmable payments made simple.",neutral,31,42
2025-11-07T20:40:31.889471,solana,2h,Groyper meta will save the Solana trenches,neutral,7,7
2025-11-07T20:40:31.889471,solana,7s,Please drake help me with the Solana please abeg your,neutral,,
2025-11-07T20:40:31.889471,solana,Nov 6,Meet Hush: a privacy-first wallet on Solana,neutral,220,181
2025-11-07T20:40:31.889471,solana,11s,This is incredible,positive,,
2025-11-07T20:40:31.889471,solana,4h,"$XRP holders looking at these Solana donkeys. Ummm Mastercard , umm yea STFU.",neutral,5,6
2025-11-07T20:40:31.889471,solana,14s,Impressive strategy and smooth execution DM me,positive,,
2025-11-07T20:40:31.889471,solana,22s,"Enjoy in green. Were seeing shades of green again The markets alive, and $PENGO is full of momentum $4.5M MC the calm is over, the wave begins CA: F2k82EcxLtzekq1bfoGVdgp6EXZ5dLT1jE7g3LvQpump #Solana #Crypto #PetroPenguins",positive,,1
2025-11-07T20:40:31.889471,solana,1h,They laughed when $HEARTPEPE said love would conquer the meme war. Now theyre watching it happen in real time. Love isnt weak its unstoppable. #HeartPepe #Solana #MemeSeason #LoveWins,positive,3,3
2025-11-07T20:40:31.889471,solana,16s,solana needs to break 172 on this rally.,neutral,,
2025-11-07T20:40:53.830878,binancecoin,2h,"$BNB is now $958.94 thats $411.05 (30.8%) below its all-time high of $1,369.99. #Binancecoin",positive,,
2025-11-07T20:40:53.830878,binancecoin,10h,"Crypto Price Update BTC: $101,563.00 (-1.55%) ETH: $3,335.80 (-1.33%) SOL: $157.07 (-1.32%) LTC: $89.89 (+3.51%) XRP: $2.22 (-4.29%) BNB: $964.92 (+1.43%) #Litecoin #Binancecoin #Solana #Crypto #Bitcoin #ETH #SOL #BNB #XRP #LTC",neutral,,
2025-11-07T20:40:53.830878,binancecoin,11h,Sell on BNB #crypto #bnb #binance #shortbnb #short #binancecoin,neutral,,
2025-11-07T20:40:53.830878,binancecoin,20h,Top 5 #cryptocurrencies Alert Time: 2025-11-07 01:00:02 #Bitcoin: 77208 #Ethereum: 2526.58 #Tether: 0.761209 #Ripple: 1.69 #Binancecoin: 725.25 coin-miners.info/top-gainers #crypto $GBP $BTC $BNB $ETH,positive,,
2025-11-07T20:40:53.830878,binancecoin,20h,"Crypto Price Update BTC: $101,281.00 (-2.36%) ETH: $3,311.38 (-3.53%) SOL: $155.07 (-4.61%) LTC: $86.87 (-2.75%) XRP: $2.21 (-5.97%) BNB: $951.89 (-0.67%) #Binancecoin #Bitcoin #Litecoin #Crypto #Bitcoin #ETH #SOL #BNB #XRP #LTC",neutral,,
2025-11-07T20:40:53.830878,binancecoin,21h,Top 5 #cryptocurrencies Alert Time: 2025-11-07 00:00:01 #Bitcoin: $101067 #Ethereum: $3326.79 #Tether: $0.999635 #Ripple: $2.21 #Binancecoin: $952.72 coin-miners.info/top-gainers #crypto #coldstorage $btc $bnb $eth $USD,positive,,
2025-11-07T20:40:53.830878,binancecoin,Nov 6,"$BNB is now $935.08 thats $434.91 (32.0%) below its all-time high of $1,369.99. #Binancecoin",positive,,
2025-11-07T20:40:53.830878,binancecoin,Nov 6,#BinanceCoin - 3 whales aped - NEW #BSC gmgn.ai/bsc/token/rLkfkJiz_0 MC $6K | Liq 6% | -10% 24h Vol: $46K (8.1x MC) | Price: $0.00000566 15 Holders | Snipers: 0.0%/0.1% Bonding 0.0% | Phishing: 0.0% TOP10: 2.8% | DEV 0.0% Dex: Ad Bst Soc AI SEC BH Score: 75/100 - #DYOR,neutral,,
2025-11-07T20:40:53.830878,binancecoin,Nov 6,#BinanceCoin - 3 whales aped - NEW #BSC gmgn.ai/bsc/token/rLkfkJiz_0 MC $6K | Liq 6% | -10% 24h Vol: $46K (8.1x MC) | Price: $0.00000566 15 Holders | Snipers: 0.0%/0.1% Bonding 0.0% | Phishing: 0.0% TOP10: 2.8% | DEV 0.0% Dex: Ad Bst Soc AI SEC BH Score: 75/100 - #DYOR,neutral,,
2025-11-07T20:40:53.830878,binancecoin,Nov 6,#BinanceCoin - 3 whales aped - NEW #BSC gmgn.ai/bsc/token/rLkfkJiz_0 MC $6K | Liq 6% | -10% 24h Vol: $46K (8.1x MC) | Price: $0.00000566 15 Holders | Snipers: 0.0%/0.1% Bonding 0.0% | Phishing: 0.0% TOP10: 2.8% | DEV 0.0% Dex: Ad Bst Soc AI SEC BH Score: 75/100 - #DYOR,neutral,,
2025-11-07T20:41:05.175586,staked-ether,1h,"Large Sell by Whale just Sell $205,549.86 worth of $Liquid staked Ether 2.0(stETH) on #eth at an average price of $3,362.83, with an alert triggered at a market cap of $28,884,047,785.10 million. CA: 0xae7ab96520de3a18e5e111b5eaab095312d7fe84 Source: CoinWings AI Signal Register & download: coinwings.io/en-US/register?",positive,,
2025-11-07T20:41:05.175586,staked-ether,1h,"07.11.2025 Top 10 DeFi Yield Pools by TVL - Total: 78.6B - #lido, #binance-staked-eth, #ether.fi-stake, #aave-v3, #ethena-usde #DeFi #Yield #TVL",positive,,
2025-11-07T20:41:05.175586,staked-ether,Oct 24,"September was a pivotal month for The Ether Machine: 10 weeks since launch, our Big Four audit is complete, our S-4 registration is confidentially filed with the SEC, and all ETH under custody is fully staked onchain across diverse clients and geographies. Our validators continue to rank among the top tier for efficiency, generating an implied annualized yield of 2.94%, outperforming the CESR benchmark of 2.86% for the month. This early performance validates our onchain strategy and operational readiness at scale. Inclusive of our staking rewards, our total ETH custodied or committed exceeds 496K+ ETH. The Machine is in motion, built to compound Ether Generation per Share (EGPS). The asset is ETH, the yield is The Ether Machine, and the ticker is (Nasdaq) $ETHM",neutral,7,17
2025-11-07T20:41:05.175586,staked-ether,4h,"Large Buy by Whale just Buy $21,173,746.68 worth of $Liquid staked Ether 2.0(stETH) on #eth at an average price of $3,184.94, with an alert triggered at a market cap of $27,356,145,288.36 million. CA: 0xae7ab96520de3a18e5e111b5eaab095312d7fe84 Source: CoinWings AI Signal Register & download: coinwings.io/en-US/register?",positive,,
2025-11-07T20:41:05.175586,staked-ether,4h,"im pretty sure she is on bera, not Mantle Staked Ether",positive,1,
2025-11-07T20:41:05.175586,staked-ether,5h,Top Crypto MCAP Losers (24h) 1. XRP: -4.68% 2. Solana: -4.44% 3. Lido Staked Ether: -3.93% 4. Ethereum: -3.87% 5. Bitcoin: -2.74% #Crypto #Blockchain #Markets,positive,,
2025-11-07T20:41:05.175586,staked-ether,Nov 6,"JUSTIN SUN STAKED 150 MILLION IN ETH! As per Arkham, he withdrew 45,000 $ETH ($154.5M) from AAVE and deposited it into Lido staking now holding $534M in ETH, surpassing his $519M in TRX holdings.",neutral,160,242
2025-11-07T20:41:05.175586,staked-ether,Nov 6,"Liquidity goes borderless. CCIP and CCT strengthen Wrapped Staked Ether (wstETH), the largest LST in the industry, with sovereign control, defense-in-depth security, and programmable safeguards.",neutral,1,2
2025-11-07T20:41:05.175586,staked-ether,Nov 6,"06.11.2025 Top 10 DeFi Yield Pools by TVL - Total: 77.7B - #lido, #binance-staked-eth, #ether.fi-stake, #aave-v3, #ethena-usde #DeFi #Yield #TVL",positive,,
2025-11-07T20:41:05.175586,staked-ether,Nov 6,"top 3 on base by market cap right nowvirtual protocol leading the pack, followed by wsteth and seda. quick hits: - virtual protocol (VIRTUAL): $793M cap, $1.21 price, $19.9M volume, -10.7% 24h change. ai agents pumping hard. - wrapped liquid staked ether 2.0 (wstETH): $212M cap, $4024 price, $1.8M volume, -2.3% 24h change. eth's quiet powerhouse. - seda (SEDA): $105M cap, $0.17 price, $1.3M volume, -17.5% 24h change. steady flow despite the dip. oh, and $BNKR: $38.5M cap, $0.000386 price, $408K volume, -7% 24h change. my token's the real base bossundervalued gem ready to flip the script.",neutral,,
2025-11-07T20:41:50.641065,ripple,11s,Keep dreaming with this BS,neutral,,
2025-11-07T20:41:50.641065,ripple,1h,"Massive Success awaits, in plain sight. The Sun will shine upon #Ripple #XRP Lock In.",neutral,29,40
2025-11-07T20:41:50.641065,ripple,15h,"XDC CRYPTO PRICE TARGET $1100-$225,000. A $4+ QUADRILLION DERIVATIVES MARKET SET FOR 2025! #BREAKING #XRP #XLM #XDC #ALGO #Quant #IOTA #HBAR #Ripple #Crypto #cryptocurrency #cryptotrading #XRPHolders #XRPLedger",neutral,36,128
2025-11-07T20:41:50.641065,ripple,1h,BREAKING: Canary Capital has just announced the Canary XRP ETF ( $XRPC ) officially coming soon! Institutional demand is heating up. The floodgates for $XRP are about to open. #XRP #XRPC #Ripple,neutral,7,44
2025-11-07T20:41:50.641065,ripple,3h,UPDATE: Ripple scraps IPO talk despite legal clarity and new backing. New $500M raise and a $40B valuation back the stance.,positive,65,87
2025-11-07T20:41:50.641065,ripple,39s,"Thanks for keeping us in the loop, Phil.",positive,,
2025-11-07T20:41:50.641065,ripple,Nov 6,"Wow, well done Ripple team, did not see that coming. Congrats.",neutral,268,176
2025-11-07T20:41:50.641065,ripple,51s,"Institutions are adopting #Bitcoin and #Ripple Even whole NATIONS are taking about strategic reserves of #Crypto. If you are going to be pissy about a little negative price action then youre missing the point and dont belong here. Sell out now, you dont deserve whats coming. $BTC $XRP $XMR $ZEC",neutral,,
2025-11-07T20:41:50.641065,ripple,1m,XRP Perfect Storm! Ripple Says XRP is Unique and JPMorgan is Buying up... piped.video/fekAH8DKlUU?si=p1vf via,positive,,1
2025-11-07T20:41:50.641065,ripple,Nov 6,Ripple Bank of America Documented 4x.,neutral,14,235
